archivo,orden,temperatura,altura,hdop,piso_ruido_dbm,rango_dinamico_db,exceso_dc_db,n_banderas
001.txt,1.0,42.807022,1500.6,0.8,-74.90503110006446,48.22959324803278,4.709812139587051,0
002.txt,2.0,44.561401,1504.8,0.9,-80.33938788065629,54.23382534219947,2.592381372038311,0
003.txt,3.0,45.1462,1506.3,0.8,-81.09287392600889,54.713288140850125,10.801442974744774,1
004.txt,4.0,45.438599,1514.0,0.8,-92.48376036684621,44.701564428351745,20.85078787737836,1
005.txt,5.0,45.438599,1526.6,0.8,-92.91930663027044,43.91019919687129,23.270023824763868,1
006.txt,6.0,46.315788,1543.8,0.8,-81.8037072526675,41.134866858492856,1.1935792457319678,0
007.txt,7.0,44.561401,1547.3,0.8,-74.72938964303357,31.944033254458624,13.931741746922462,1
008.txt,8.0,45.438599,0.0,4.4,-89.27025604428452,34.96957748363412,9.896885784182302,3
009.txt,9.0,46.608187,1542.7,1.1,-73.21127883029072,57.87841814779664,12.502266415779062,1
010.txt,10.0,46.608187,1534.7,1.1,-94.02370477662261,45.15024166262749,26.918986497086294,1
011.txt,11.0,47.192986,1531.5,1.2,-88.74907678285518,41.52201316382874,11.747527708121474,1
012.txt,12.0,47.192986,1530.7,1.2,-90.42685111009598,32.976962962059226,27.353529719348792,1
013.txt,13.0,47.192983,1544.4,1.0,-90.05032829862863,39.722614793701425,22.59970581319562,1
014.txt,14.0,47.485382,1535.0,1.0,-90.1454235599302,51.43541993307878,25.826805290354592,1
015.txt,15.0,48.070175,1526.8,1.0,-88.78135173997305,56.715233562154744,11.031880012928582,1
017.txt,17.0,47.485382,1565.0,17.3,-69.30560447271753,52.08311820508474,5.205289575352381,1
018.txt,18.0,48.070175,1531.3,1.0,-60.85494810925487,44.80823369787154,4.260741012118942,0
019.txt,19.0,47.777779,1530.5,0.9,-87.92494957355763,48.37178841865183,16.57026817568049,1
020.txt,20.0,48.070178,1537.7,1.0,-66.2732651289516,55.54452253113841,1.2685572300636139,0
021.txt,21.0,48.070175,1547.6,1.0,-74.64668515149269,41.52864027698631,-3.4206332784947335e-05,0
022.txt,22.0,47.485382,1558.4,0.9,-57.43282483000157,33.831154374883006,-0.5552852103536168,0
023.txt,23.0,48.070178,1568.8,0.9,-66.36209049696956,49.86858668582188,9.075938670703223,1
024.txt,24.0,48.654973,1574.0,1.0,-53.9091857110514,44.01206410837007,-0.21195002831601073,0
025.txt,25.0,48.070175,1578.9,0.9,-57.201048551852345,41.21396108984737,0.36833996454776496,0
026.txt,26.0,48.362574,1584.9,1.2,-73.58804122501587,42.85613365398726,3.6202371698084903,0
027.txt,27.0,48.070175,1589.6,1.4,-86.51237950786688,49.81251264440374,10.02310263981505,1
028.txt,28.0,48.070175,1577.9,1.0,-61.15586052849511,49.30659950831341,7.98137718470155,1
029.txt,29.0,48.070175,1569.2,1.0,-64.92382684226818,35.89776404145944,3.536324766791367,0
030.txt,30.0,48.362574,1563.9,1.3,-80.06729538455194,39.91017262812109,0.20442346290982272,0
031.txt,31.0,48.362574,1565.9,1.0,-63.7865039106209,51.00388994730331,6.420640470010632,1
032.txt,32.0,48.947372,1562.3,1.0,-91.75031275884419,50.89306535459181,24.006180957087494,1
033.txt,33.0,48.362574,1567.3,0.8,-71.4019135901157,52.63758244192451,0.4985603886570118,0
034.txt,34.0,48.654973,1540.2,0.9,-63.82476266140272,53.944365602770134,2.9027145539456356,0
035.txt,35.0,48.947372,1564.1,0.9,-69.37604290997504,36.8864581443696,-0.08263539579758827,0
036.txt,36.0,48.947372,1555.8,1.0,-68.91088340521894,48.54990419317326,5.966759243505756,0
037.txt,37.0,48.947372,1556.1,0.8,-74.9000286238415,37.00615212319768,0.21116995542541872,0
038.txt,38.0,49.239769,1574.7,0.9,-85.63769526584775,47.50977624042095,0.5707864597615284,0
039.txt,39.0,49.824562,1560.6,0.9,-84.60227646793963,58.37196356719271,14.170929298900809,1
040.txt,40.0,49.532166,1565.1,1.2,-86.35886295987075,56.244651312157536,18.763178567520576,1
041.txt,41.0,49.239769,1561.3,0.9,-68.94356439698927,27.523217366804452,1.0614297388576759,0
042.txt,42.0,49.239769,1558.1,1.0,-79.07536917323365,40.142434311056185,0.45881439851114436,0
043.txt,43.0,49.532166,1553.2,1.0,-83.0999969492204,42.76558416468923,9.512515580434922,1
044.txt,44.0,49.532166,1549.1,0.9,-68.68023656461976,31.98298911162449,0.5241105566736834,0
045.txt,45.0,49.239769,1546.7,0.9,-68.01365229072998,56.1988573975202,12.383103051933084,1
046.txt,46.0,49.824562,1549.0,1.2,-87.75374596936288,53.59431628920333,18.76973880819301,1
047.txt,47.0,49.532166,1551.0,0.8,-93.14097573635897,54.35442706695374,21.718824991512946,1
048.txt,48.0,48.947372,1553.3,0.8,-72.16886512281211,37.822056211231136,1.3026848938003397,0
049.txt,49.0,49.532166,1533.5,0.8,-81.86756693166164,57.05842201742117,0.9078822073888233,0
050.txt,50.0,48.947372,1513.3,0.9,-75.16320419048547,42.238860769007765,0.4774103422592191,0
051.txt,51.0,49.239769,1508.6,0.9,-86.96175319986952,42.18432680972663,3.6390370543091635,0
052.txt,52.0,48.947372,1506.6,0.8,-55.92615185717302,29.331825881537828,0.9881440661383181,0
053.txt,53.0,49.532166,1499.0,0.8,-87.44420669464725,46.003570006415984,6.650797360648973,1
054.txt,54.0,48.947372,1502.9,0.9,-71.55120981366645,33.79241175827413,0.7096748497541867,0
055.txt,55.0,49.532166,1509.1,0.8,-73.55756559438639,46.74698399032698,11.174361090806443,1
056.txt,56.0,49.532166,1510.8,0.8,-63.90707455887509,38.940259600748035,0.8779584186320051,0
057.txt,57.0,49.239769,1522.1,0.9,-58.94753019067517,30.546172332043092,1.3465422278094508,0
058.txt,58.0,49.239769,1510.3,1.0,-89.23132079150778,51.830822193743,13.680364915333755,1
059.txt,59.0,48.947372,1511.3,0.8,-74.0732243134206,41.86775784520676,1.0550949435177372,0
060.txt,60.0,49.824562,1512.7,0.7,-64.16731427551397,26.84307925317092,0.5143957867631599,0
061.txt,61.0,50.409355,1508.1,0.8,-64.43161255065118,33.02031105648655,0.2211277793123756,0
