archivo,orden,latitud,longitud,P_total_dbm,n_canales_donde_es_maximo,P_A_dbm,P_B_dbm,P_C_dbm,P_D_dbm
024.txt,24.0,6.16859666667,-75.605795,-18.22239344018294,3,-43.712486388137684,-24.971724565910304,-19.297488446249616,-41.16173735209103
025.txt,25.0,6.16463666667,-75.6060066667,-22.55679982484629,0,-49.09953959290982,-45.29783569879829,-22.609996000190936,-45.893914811594186
028.txt,28.0,6.16251666667,-75.6029866667,-25.801066420269592,0,-53.907035371991405,-27.654966322811482,-31.097985972156366,-38.76139231568678
034.txt,34.0,6.17920166667,-75.5882983333,-26.493742888155055,0,-56.3024433505482,-26.791895777388994,-50.35184996559589,-38.62691230142308
045.txt,45.0,6.20574666667,-75.57146,-26.892150688243884,1,-56.5822286061071,-27.286682175138623,-50.99899865848344,-37.76027861798623
031.txt,31.0,6.16734166667,-75.594955,-27.444871733884064,0,-57.53561376894191,-27.959937782115908,-43.32124171862646,-38.15006868566798
020.txt,20.0,6.18688666667,-75.5858483333,-27.786988960231174,0,-59.23842295741906,-27.977061400494733,-50.26833417729407,-42.16901678538703
023.txt,23.0,6.17022333333,-75.603515,-29.415187586992516,0,-58.90734510815004,-55.98169170160938,-29.44181121483311,-54.97033963792008
018.txt,18.0,6.19695666667,-75.5854083333,-29.950285622324838,0,-54.80849387589821,-32.093595214286495,-34.87078791303873,-41.87584733272977
022.txt,22.0,6.17415333333,-75.59803,-30.11656900855425,0,-53.17733171017725,-50.9419875654551,-30.203122516624838,-51.97338607444634
009.txt,9.0,6.220865,-75.5993983333,-32.31342389249599,0,-63.29849828960335,-32.618075313354126,-57.42449181302527,-44.26078017283835
052.txt,52.0,6.231,-75.5742516667,-32.59994500586937,0,-53.31561009014665,-50.99008851240316,-32.764104002496154,-51.0998866644472
057.txt,57.0,6.23608333333,-75.5904866667,-33.543642689842216,0,-51.252244597259626,-50.499166504884215,-33.79553221957995,-50.700929543398885
036.txt,36.0,6.17896166667,-75.58374,-33.558368619113054,0,-62.69476866513451,-60.15004311952009,-33.584132823211995,-59.57392488605045
056.txt,56.0,6.23434166667,-75.5873216667,-34.557423258266944,0,-59.969251583888706,-57.55527915928957,-34.61611860358365,-57.127307054035
017.txt,17.0,6.199575000003334,-75.58628444443333,-34.842337173763994,0,-53.28021917918045,-60.00885645365869,-34.92570359982448,-62.692379294261045
033.txt,33.0,6.173835,-75.5921633333,-35.46038248959392,0,-63.30054457549296,-37.79151371943137,-39.31708962270716,-61.92635316583544
002.txt,2.0,6.24116166667,-75.5882083333,-36.89417987442364,0,-66.6666071639468,-64.38070402904711,-36.91768122056653,-62.81319505078733
029.txt,29.0,6.16507,-75.6004483333,-37.520864049549274,0,-53.638825633493816,-57.38935031710744,-37.94259273753835,-49.902523373997376
001.txt,1.0,6.24325666667,-75.58667,-37.55395354673002,0,-66.78747178197217,-65.59390871565738,-37.5714935821143,-66.5255108418892
061.txt,61.0,6.24042333333,-75.5908283333,-38.07393305664485,0,-58.554214519720034,-55.30768527072602,-38.26047703515425,-56.55602236709237
035.txt,35.0,6.17748333333,-75.5859616667,-39.73333981990419,0,-61.62350323731844,-55.03659222869162,-39.94158988307178,-59.375577773225025
060.txt,60.0,6.23899666667,-75.589925,-39.784560899336306,0,-60.08411897086756,-56.952233699413455,-39.98739173477133,-57.45479434981445
049.txt,49.0,6.21962333333,-75.5694416667,-40.3106077632939,0,-76.6424622253727,-71.35573538556721,-40.31683486847805,-74.14071274048902
055.txt,55.0,6.23184,-75.58601,-40.43643861882752,0,-68.9075021552848,-67.24692530575498,-40.46450894848324,-65.7583583515561
044.txt,44.0,6.202915,-75.5718583333,-40.8689151994982,0,-62.724942998827444,-60.48563506059085,-40.99521773323441,-60.3695601959081
048.txt,48.0,6.21239166667,-75.569955,-41.195631009550496,0,-66.9713380834466,-60.22085336015869,-41.279893134284876,-65.11712724984024
050.txt,50.0,6.2267,-75.56914,-41.445982262893054,0,-64.45572889856281,-60.43354799741269,-41.543346338184904,-64.8720926408032
059.txt,59.0,6.23820833333,-75.590755,-42.079375077671884,0,-68.15433141237735,-62.75278773208275,-42.146863576630096,-65.65757005359151
003.txt,3.0,6.23996166667,-75.5893966667,-42.35067999580429,0,-79.23918420119938,-71.94981663444075,-42.358408361161594,-75.56979280834418
026.txt,26.0,6.16087166667,-75.6051433333,-43.806927654112926,0,-67.7696482999371,-67.41097257218821,-43.87114970961733,-65.81187657331584
054.txt,54.0,6.23199,-75.58073,-44.26304848764464,0,-66.44780865965897,-63.02330490669274,-44.37933205514368,-65.76918302913556
021.txt,21.0,6.18019,-75.5915766667,-44.605159488767335,0,-64.63040083673151,-59.8064269717074,-44.81104213734839,-66.7041726371046
039.txt,39.0,6.19392,-75.5763916667,-44.767118543517135,0,-79.41636590974036,-77.12748605420093,-44.772471911980716,-79.87658376084374
042.txt,42.0,6.199565,-75.5733716667,-45.2392798507207,0,-69.56334333876556,-64.46440851498667,-45.32706441552531,-68.84230106169164
037.txt,37.0,6.183435,-75.5797116667,-45.29759984920504,0,-46.81902105987714,-62.45615567299049,-51.13431126086958,-63.39781088658149
030.txt,30.0,6.16771,-75.5965416667,-45.58851835632946,0,-65.91685986633168,-62.658575288864135,-45.778314991503535,-64.17216407786057
038.txt,38.0,6.18726333333,-75.577865,-46.75704174823171,0,-75.10572205200006,-69.13396589912136,-46.80440797027559,-71.19457421976767
040.txt,40.0,6.19710833333,-75.5745933333,-47.16508106824644,0,-81.8272180068928,-80.46571419072725,-47.17108028622742,-79.59918272756764
006.txt,6.0,6.23881166667,-75.6021883333,-48.70765511386183,0,-68.68128843118055,-61.734960335630554,-49.02255101642868,-68.67490542450841
015.txt,15.0,6.20481166667,-75.5880366667,-49.89130677704716,0,-84.03806947997575,-83.2970769485071,-49.89654236947206,-84.28681851937992
041.txt,41.0,6.19830166667,-75.5740483333,-50.07179226185442,0,-63.48139059153489,-62.118473811172656,-50.83920745106769,-62.752439511895034
046.txt,46.0,6.20934833333,-75.57089,-50.082049355023926,0,-80.51336509280716,-80.93871342993303,-50.09159952927768,-83.35966021713617
043.txt,43.0,6.20146,-75.572355,-50.25306820063111,0,-76.05673744538352,-71.43072906661142,-50.32437872679103,-72.44784872523086
058.txt,58.0,6.23811,-75.590845,-51.68963191493107,0,-72.12060294540562,-74.04838326914276,-51.76345697003705,-78.6998647208786
053.txt,53.0,6.232,-75.5773766667,-51.69642408886833,0,-72.81704183456391,-71.639952518766,-51.79461283101523,-75.16570497028684
027.txt,27.0,6.158005,-75.609505,-51.912971963135945,0,-74.26365415249998,-69.75598657601009,-52.027347014498694,-76.18467349195672
047.txt,47.0,6.21079166667,-75.5703366667,-53.92899427633159,0,-86.14350390986459,-85.18777882864984,-53.93621373548997,-88.98699949004123
051.txt,51.0,6.22819666667,-75.57015,-54.64407013275792,0,-71.178351265627,-70.65607797869751,-54.91936316923439,-73.13325562258485
019.txt,19.0,6.195625,-75.5832933333,-56.36466548777232,0,-80.5018087417676,-77.22501619340326,-56.45855168569638,-76.66774552996696
032.txt,32.0,6.17039333333,-75.5951666667,-58.37584190262517,0,-80.39632438959771,-88.39177486293377,-58.41408466102055,-86.64153201344392
014.txt,14.0,6.20776833333,-75.5896233333,-58.48611858777767,0,-67.73307632747576,-85.5175583443773,-59.054167076403445,-86.20563114958043
007.txt,7.0,6.231855,-75.6021816667,-58.89841340388799,0,-69.91284764516182,-69.58596941343744,-60.03817776656308,-70.68324299848668
011.txt,11.0,6.21624333333,-75.5977616667,-60.366561846826265,0,-72.00481660253521,-73.84454930441129,-61.11440795891327,-73.8619566379229
004.txt,4.0,6.23917166667,-75.5928066667,-62.81686486343479,0,-86.38757343949212,-86.00308388666342,-62.86901093353058,-88.44083811651976
013.txt,13.0,6.21056833333,-75.5948316667,-62.959378205748095,0,-72.58496050776377,-79.08103877863101,-63.628662009395605,-83.23179221946576
005.txt,5.0,6.23902333333,-75.5963133333,-63.928409438291645,0,-87.21462549227675,-87.45656980801786,-63.98592780843941,-87.87903443793029
010.txt,10.0,6.21840666667,-75.5988933333,-64.18626732478225,0,-89.01521216137351,-89.23304082998648,-64.22671516059899,-89.63400411159525
008.txt,8.0,6.22636,-75.60079,-70.36517011206362,0,-84.93888186925814,-84.36412877066415,-70.90794875263023,-84.05271663619604
012.txt,12.0,6.21274333333,-75.59598,-70.3925591825205,0,-80.26864409036841,-77.96808653719725,-72.23646121703575,-82.04865180064468
